G_tag,I_tag,M_tag,cluster_id,estimate,formula,g,molType,mz_L,mz_R,q,tot_estimate_tmp,tot_intensity_tmp
G75,I762,M72,0,0.00738652586941,C63H96N17O13S1,2,z11,1335.68,1335.75,1,573.194981649,576.9
G75,I763,M72,0,0.0148441705705,C63H96N17O13S1,2,z11,1335.68,1335.75,1,573.194981649,576.9
G78,I760,M72,0,0.00067749674763,C63H96N17O13S1,2,z11,1334.67,1334.75,1,1677.27820671,2000.0
G75,I761,M72,0,0.000110815351802,C63H96N17O13S1,2,z11,1335.68,1335.75,1,573.194981649,576.9
G74,I766,M72,0,0.00465559909518,C63H96N17O13S1,2,z11,1336.68,1336.75,1,155.898777649,170.3
G79,I767,M72,0,1.20225627684e-05,C63H96N17O13S1,2,z11,1337.68,1337.75,1,33.0530183833,224.0
G74,I764,M72,0,0.000169641260814,C63H96N17O13S1,2,z11,1336.68,1336.75,1,155.898777649,170.3
G74,I765,M72,0,0.00302366382771,C63H96N17O13S1,2,z11,1336.68,1336.75,1,155.898777649,170.3
G85,I775,M72,0,4.98449638146e-05,C63H96N17O13S1,2,z11,1339.68,1339.76,1,4.98449638146e-05,0.0
G88,I774,M72,0,8.73784023335e-06,C63H96N17O13S1,2,z11,1339.68,1339.76,1,8.73784023335e-06,0.0
G79,I768,M72,0,0.000956114494645,C63H96N17O13S1,2,z11,1337.68,1337.75,1,33.0530183833,224.0
G79,I769,M72,0,0.00118452086808,C63H96N17O13S1,2,z11,1337.68,1337.75,1,33.0530183833,224.0
G87,I771,M72,0,0.000100106135357,C63H96N17O13S1,2,z11,1338.68,1338.76,1,0.000100106135357,0.0
G86,I776,M72,0,2.07077910393e-05,C63H96N17O13S1,2,z11,1339.68,1339.76,1,2.07077910393e-05,0.0
G78,I759,M72,0,0.0464747129593,C63H96N17O13S1,2,z11,1334.67,1334.75,1,1677.27820671,2000.0
G77,I758,M72,0,0.0609839358207,C63H96N17O13S1,2,z11,1333.67,1333.75,1,3702.70797796,3397.0
G80,I773,M72,0,7.1834071693e-05,C63H96N17O13S1,2,z11,1338.68,1338.76,1,7.1834071693e-05,0.0
G79,I770,M72,0,3.48963354257e-05,C63H96N17O13S1,2,z11,1337.68,1337.75,1,33.0530183833,224.0
G81,I772,M72,0,0.000300914625765,C63H96N17O13S1,2,z11,1338.68,1338.76,1,0.000300914625765,0.0
G78,I744,M71,0,967.391047813,C63H96N17O13S1,1,z11,1334.67,1334.75,1,1677.27820671,2000.0
G75,I745,M71,0,11.0554804172,C63H96N17O13S1,1,z11,1335.68,1335.75,1,573.194981649,576.9
G84,I755,M71,0,0.569442959365,C63H96N17O13S1,1,z11,1338.68,1338.76,1,0.569442959365,0.0
G75,I747,M71,0,303.404280186,C63H96N17O13S1,1,z11,1335.68,1335.75,1,573.194981649,576.9
G77,I740,M71,0,3028.74593451,C63H96N17O13S1,1,z11,1333.67,1333.75,1,3702.70797796,3397.0
G77,I741,M71,0,44.1523010981,C63H96N17O13S1,1,z11,1333.67,1333.75,1,3702.70797796,3397.0
G78,I742,M71,0,7.22180998828,C63H96N17O13S1,1,z11,1334.67,1334.75,1,1677.27820671,2000.0
G78,I743,M71,0,481.378125277,C63H96N17O13S1,1,z11,1334.67,1334.75,1,1677.27820671,2000.0
G74,I750,M71,0,77.1949418316,C63H96N17O13S1,1,z11,1336.68,1336.75,1,155.898777649,170.3
G74,I748,M71,0,0.783507541811,C63H96N17O13S1,1,z11,1336.68,1336.75,1,155.898777649,170.3
G75,I746,M71,0,197.051448893,C63H96N17O13S1,1,z11,1335.68,1335.75,1,573.194981649,576.9
G74,I749,M71,0,62.309753072,C63H96N17O13S1,1,z11,1336.68,1336.75,1,155.898777649,170.3
G74,I751,M71,0,2.27418583828,C63H96N17O13S1,1,z11,1336.68,1336.75,1,155.898777649,170.3
G79,I754,M71,0,4.68140928143,C63H96N17O13S1,1,z11,1337.68,1337.75,1,33.0530183833,224.0
G73,I739,M71,0,3974.30852019,C63H96N17O13S1,1,z11,1332.67,1332.76,1,5303.40593294,5447.0
G79,I753,M71,0,19.6105342322,C63H96N17O13S1,1,z11,1337.68,1337.75,1,33.0530183833,224.0
G83,I756,M71,0,3.24838437715,C63H96N17O13S1,1,z11,1338.68,1338.76,1,3.24838437715,0.0
G82,I757,M71,0,1.34952179216,C63H96N17O13S1,1,z11,1338.68,1338.76,1,1.34952179216,0.0
G79,I752,M71,0,6.52389291242,C63H96N17O13S1,1,z11,1337.68,1337.75,1,33.0530183833,224.0
G78,I726,M70,0,4.78174325753,C63H96N17O13S1,0,z11,1334.67,1334.75,1,1677.27820671,2000.0
G76,I720,M70,0,1718.97757968,C63H96N17O13S1,0,z11,1331.66,1331.76,1,1718.97757968,1690.0
G78,I727,M70,0,85.2291715577,C63H96N17O13S1,0,z11,1334.67,1334.75,1,1677.27820671,2000.0
G73,I721,M70,0,1310.00055218,C63H96N17O13S1,0,z11,1332.67,1332.76,1,5303.40593294,5447.0
G77,I724,M70,0,208.20683661,C63H96N17O13S1,0,z11,1333.67,1333.75,1,3702.70797796,3397.0
G73,I722,M70,0,19.0968605717,C63H96N17O13S1,0,z11,1332.67,1332.76,1,5303.40593294,5447.0
G75,I731,M70,0,33.3885438434,C63H96N17O13S1,0,z11,1335.68,1335.75,1,573.194981649,576.9
G75,I730,M70,0,26.9503658264,C63H96N17O13S1,0,z11,1335.68,1335.75,1,573.194981649,576.9
G74,I733,M70,0,2.82173001712,C63H96N17O13S1,0,z11,1336.68,1336.75,1,155.898777649,170.3
G75,I732,M70,0,0.983636385592,C63H96N17O13S1,0,z11,1335.68,1335.75,1,573.194981649,576.9
G74,I735,M70,0,2.02481451936,C63H96N17O13S1,0,z11,1336.68,1336.75,1,155.898777649,170.3
G74,I734,M70,0,8.48199592445,C63H96N17O13S1,0,z11,1336.68,1336.75,1,155.898777649,170.3
G79,I737,M70,0,1.40499910516,C63H96N17O13S1,0,z11,1337.68,1337.75,1,33.0530183833,224.0
G79,I736,M70,0,0.246296852668,C63H96N17O13S1,0,z11,1337.68,1337.75,1,33.0530183833,224.0
G77,I725,M70,0,418.418326994,C63H96N17O13S1,0,z11,1333.67,1333.75,1,3702.70797796,3397.0
G79,I738,M70,0,0.583698445209,C63H96N17O13S1,0,z11,1337.68,1337.75,1,33.0530183833,224.0
G75,I729,M70,0,0.338884586097,C63H96N17O13S1,0,z11,1335.68,1335.75,1,573.194981649,576.9
G78,I728,M70,0,131.229156612,C63H96N17O13S1,0,z11,1334.67,1334.75,1,1677.27820671,2000.0
G77,I723,M70,0,3.12359480688,C63H96N17O13S1,0,z11,1333.67,1333.75,1,3702.70797796,3397.0
G129,I498,M51,1,0.0414056261196,C22H33N4O4S1,2,z4,456.18,456.27,1,0.0414056261196,0.0
G130,I499,M51,1,0.00500132322057,C22H33N4O4S1,2,z4,456.18,456.27,1,0.00500132322057,0.0
G120,I491,M51,1,22.1308869941,C22H33N4O4S1,2,z4,452.21,452.27,1,80.5682619167,56.61
G112,I492,M51,1,0.0778634058648,C22H33N4O4S1,2,z4,453.18,453.27,1,5.33432079232,73.54
G116,I492,M51,1,0.42091362895,C22H33N4O4S1,2,z4,453.18,453.27,1,19.5839008832,87.79
G116,I493,M51,1,5.42809105504,C22H33N4O4S1,2,z4,453.18,453.27,1,19.5839008832,87.79
G131,I494,M51,1,1.11037164839,C22H33N4O4S1,2,z4,454.18,454.27,1,1.11037164839,0.0
G132,I495,M51,1,0.818449451309,C22H33N4O4S1,2,z4,454.18,454.27,1,0.818449451309,0.0
G113,I496,M51,1,0.258625084328,C22H33N4O4S1,2,z4,455.18,455.27,1,0.817137492448,360.0
G113,I497,M51,1,0.101585229315,C22H33N4O4S1,2,z4,455.18,455.27,1,0.817137492448,360.0
G113,I489,M50,1,0.407683680968,C22H33N4O4S1,1,z4,455.18,455.27,1,0.817137492448,360.0
G123,I488,M50,1,1.00021770229,C22H33N4O4S1,1,z4,454.18,454.27,1,1.00021770229,0.0
G120,I483,M50,1,4.91100549834,C22H33N4O4S1,1,z4,452.21,452.27,1,80.5682619167,56.61
G118,I482,M50,1,71.2974162096,C22H33N4O4S1,1,z4,451.18,451.19,1,71.2974162133,71.55
G117,I482,M50,1,146.605374266,C22H33N4O4S1,1,z4,451.21,451.27,1,178.972108212,179.3
G126,I487,M50,1,2.54644685398,C22H33N4O4S1,1,z4,454.18,454.27,1,2.54644685398,0.0
G116,I486,M50,1,8.05853011454,C22H33N4O4S1,1,z4,453.18,453.27,1,19.5839008832,87.79
G112,I485,M50,1,5.25645738562,C22H33N4O4S1,1,z4,453.18,453.27,1,5.33432079232,73.54
G116,I485,M50,1,5.67636608019,C22H33N4O4S1,1,z4,453.18,453.27,1,19.5839008832,87.79
G120,I484,M50,1,53.4454939905,C22H33N4O4S1,1,z4,452.21,452.27,1,80.5682619167,56.61
G113,I490,M50,1,0.0492434978373,C22H33N4O4S1,1,z4,455.18,455.27,1,0.817137492448,360.0
G114,I88,M5,1,0.277203360845,C63H98N18O13S1,0,precursor,451.87,451.96,3,1.07240726397,129.0
G117,I84,M5,1,13.1691544954,C63H98N18O13S1,0,precursor,451.21,451.27,3,178.972108212,179.3
G119,I82,M5,1,262.885243899,C63H98N18O13S1,0,precursor,450.53,450.62,3,301.524011931,228.0
G115,I83,M5,1,106.217799053,C63H98N18O13S1,0,precursor,450.86,450.96,3,106.217799053,122.9
G121,I80,M5,1,634.372647712,C63H98N18O13S1,0,precursor,450.21,450.27,3,652.885819027,595.8
G119,I81,M5,1,38.6387680323,C63H98N18O13S1,0,precursor,450.53,450.62,3,301.524011931,228.0
G122,I86,M5,1,6.48192494103,C63H98N18O13S1,0,precursor,451.53,451.63,3,6.48192494103,0.0
G114,I87,M5,1,0.795203903122,C63H98N18O13S1,0,precursor,451.87,451.96,3,1.07240726397,129.0
G110,I79,M5,1,816.357086807,C63H98N18O13S1,0,precursor,449.86,449.96,3,816.357086807,891.4
G117,I85,M5,1,16.5011318443,C63H98N18O13S1,0,precursor,451.21,451.27,3,178.972108212,179.3
G124,I481,M49,1,7.4113691673e-11,C22H33N4O4S1,0,z4,454.18,454.27,1,7.4113691673e-11,0.0
G125,I480,M49,1,6.13582380586e-10,C22H33N4O4S1,0,z4,454.18,454.27,1,6.13582380586e-10,0.0
G112,I478,M49,1,8.43847409105e-10,C22H33N4O4S1,0,z4,453.18,453.27,1,5.33432079232,73.54
G116,I478,M49,1,2.9886702894e-09,C22H33N4O4S1,0,z4,453.18,453.27,1,19.5839008832,87.79
G116,I479,M49,1,1.50537288473e-09,C22H33N4O4S1,0,z4,453.18,453.27,1,19.5839008832,87.79
G121,I473,M49,1,3.27953556048e-07,C22H33N4O4S1,0,z4,450.21,450.27,1,652.885819027,595.8
G120,I476,M49,1,1.64543938397e-08,C22H33N4O4S1,0,z4,452.21,452.27,1,80.5682619167,56.61
G120,I477,M49,1,1.21284523333e-08,C22H33N4O4S1,0,z4,452.21,452.27,1,80.5682619167,56.61
G118,I474,M49,1,3.69530515823e-09,C22H33N4O4S1,0,z4,451.18,451.19,1,71.2974162133,71.55
G117,I474,M49,1,3.69598025595e-09,C22H33N4O4S1,0,z4,451.21,451.27,1,178.972108212,179.3
G117,I475,M49,1,8.04378859522e-08,C22H33N4O4S1,0,z4,451.21,451.27,1,178.972108212,179.3
G121,I238,M24,1,18.5131709869,C41H66N14O9,0,c7,450.21,450.27,2,652.885819027,595.8
G111,I239,M24,1,9.43030095519,C41H66N14O9,0,c7,450.71,450.81,2,9.43030095519,121.8
G127,I241,M24,1,0.552405920646,C41H66N14O9,0,c7,451.71,451.81,2,0.552405920646,0.0
G117,I240,M24,1,2.69644752266,C41H66N14O9,0,c7,451.21,451.27,2,178.972108212,179.3
G128,I243,M24,1,0.0047374930448,C41H66N14O9,0,c7,452.71,452.81,2,0.0047374930448,0.0
G120,I242,M24,1,0.080875405107,C41H66N14O9,0,c7,452.21,452.27,2,80.5682619167,56.61
G136,I667,M65,2,84.4680609869,C52H77N12O11S1,0,z9,1081.52,1081.6,1,248.884052871,154.5
G137,I666,M65,2,15.32619544,C52H77N12O11S1,0,z9,1080.52,1080.6,1,799.781695404,278.5
G137,I665,M65,2,644.955768568,C52H77N12O11S1,0,z9,1080.52,1080.6,1,799.781695404,278.5
G137,I664,M65,2,139.499731396,C52H77N12O11S1,0,z9,1080.52,1080.6,1,799.781695404,278.5
G135,I663,M65,2,1759.74659469,C52H77N12O11S1,0,z9,1079.51,1079.6,1,1916.79290016,1248.0
G135,I662,M65,2,157.046305462,C52H77N12O11S1,0,z9,1079.51,1079.6,1,1916.79290016,1248.0
G133,I661,M65,2,3032.9540486,C52H77N12O11S1,0,z9,1078.51,1078.61,1,3032.9540486,3616.0
G153,I675,M65,2,1.00429254934,C52H77N12O11S1,0,z9,1084.52,1084.6,1,1.00429254934,0.0
G154,I673,M65,2,7.04740293925,C52H77N12O11S1,0,z9,1083.52,1083.6,1,7.04740293925,0.0
G136,I669,M65,2,93.8230413912,C52H77N12O11S1,0,z9,1081.52,1081.6,1,248.884052871,154.5
G136,I668,M65,2,70.5929504928,C52H77N12O11S1,0,z9,1081.52,1081.6,1,248.884052871,154.5
G152,I674,M65,2,4.0921167514,C52H77N12O11S1,0,z9,1083.52,1083.6,1,4.0921167514,0.0
G134,I672,M65,2,23.9211067984,C52H77N12O11S1,0,z9,1082.52,1082.6,1,60.4781550685,122.9
G134,I670,M65,2,3.72852573226,C52H77N12O11S1,0,z9,1082.52,1082.6,1,60.4781550685,122.9
G134,I671,M65,2,32.8285225379,C52H77N12O11S1,0,z9,1082.52,1082.6,1,60.4781550685,122.9
G138,I689,M66,2,-3.38505054447e-14,C52H77N12O11S1,1,z9,1084.52,1084.6,1,-3.38505054447e-14,0.0
G139,I688,M66,2,-5.82970052076e-14,C52H77N12O11S1,1,z9,1084.52,1084.6,1,-5.82970052076e-14,0.0
G135,I676,M66,2,-2.50889780945e-11,C52H77N12O11S1,1,z9,1079.51,1079.6,1,1916.79290016,1248.0
G137,I677,M66,2,-1.29910682933e-12,C52H77N12O11S1,1,z9,1080.52,1080.6,1,799.781695404,278.5
G136,I681,M66,2,-1.26780220041e-13,C52H77N12O11S1,1,z9,1081.52,1081.6,1,248.884052871,154.5
G136,I680,M66,2,-5.33515539312e-12,C52H77N12O11S1,1,z9,1081.52,1081.6,1,248.884052871,154.5
G134,I683,M66,2,-5.83953782419e-13,C52H77N12O11S1,1,z9,1082.52,1082.6,1,60.4781550685,122.9
G134,I682,M66,2,-6.98730444891e-13,C52H77N12O11S1,1,z9,1082.52,1082.6,1,60.4781550685,122.9
G137,I678,M66,2,-1.45568455897e-11,C52H77N12O11S1,1,z9,1080.52,1080.6,1,799.781695404,278.5
G136,I679,M66,2,-1.15395935747e-12,C52H77N12O11S1,1,z9,1081.52,1081.6,1,248.884052871,154.5
G141,I687,M66,2,-1.97878409908e-13,C52H77N12O11S1,1,z9,1083.52,1083.6,1,-1.97878409908e-13,0.0
G134,I684,M66,2,-7.76116021711e-13,C52H77N12O11S1,1,z9,1082.52,1082.6,1,60.4781550685,122.9
G151,I690,M66,2,-8.30763452637e-15,C52H77N12O11S1,1,z9,1085.52,1085.61,1,-8.30763452637e-15,0.0
G140,I685,M66,2,-3.08428347157e-14,C52H77N12O11S1,1,z9,1083.52,1083.6,1,-3.08428347157e-14,0.0
G142,I686,M66,2,-2.71561675392e-13,C52H77N12O11S1,1,z9,1083.52,1083.6,1,-2.71561675392e-13,0.0
G146,I703,M67,2,-5.82970050442e-14,C52H77N12O11S1,2,z9,1085.52,1085.61,1,-5.82970050442e-14,0.0
G155,I698,M67,2,-5.83953780767e-13,C52H77N12O11S1,2,z9,1083.52,1083.6,1,-5.83953780767e-13,0.0
G149,I699,M67,2,-7.76116019531e-13,C52H77N12O11S1,2,z9,1083.52,1083.6,1,-7.76116019531e-13,0.0
G143,I700,M67,2,-3.08428346293e-14,C52H77N12O11S1,2,z9,1084.52,1084.6,1,-3.08428346293e-14,0.0
G144,I701,M67,2,-2.71561674631e-13,C52H77N12O11S1,2,z9,1084.52,1084.6,1,-2.71561674631e-13,0.0
G145,I702,M67,2,-1.97878409353e-13,C52H77N12O11S1,2,z9,1084.52,1084.6,1,-1.97878409353e-13,0.0
G134,I695,M67,2,-5.33515537816e-12,C52H77N12O11S1,2,z9,1082.52,1082.6,1,60.4781550685,122.9
G136,I692,M67,2,-1.29910682568e-12,C52H77N12O11S1,2,z9,1081.52,1081.6,1,248.884052871,154.5
G148,I705,M67,2,-8.30763450304e-15,C52H77N12O11S1,2,z9,1086.51,1086.61,1,-8.30763450304e-15,0.0
G136,I693,M67,2,-1.45568455489e-11,C52H77N12O11S1,2,z9,1081.52,1081.6,1,248.884052871,154.5
G134,I696,M67,2,-1.26780219696e-13,C52H77N12O11S1,2,z9,1082.52,1082.6,1,60.4781550685,122.9
G150,I697,M67,2,-6.98730442955e-13,C52H77N12O11S1,2,z9,1083.52,1083.6,1,-6.98730442955e-13,0.0
G147,I704,M67,2,-3.38505053498e-14,C52H77N12O11S1,2,z9,1085.52,1085.61,1,-3.38505053498e-14,0.0
G134,I694,M67,2,-1.15395935425e-12,C52H77N12O11S1,2,z9,1082.52,1082.6,1,60.4781550685,122.9
G137,I691,M67,2,-2.50889780241e-11,C52H77N12O11S1,2,z9,1080.52,1080.6,1,799.781695404,278.5
G3,I28,M1,3,24.4296691507,C63H98N18O13S1,1,precursor,1353.7,1353.77,1,201.319499092,428.9
G3,I29,M1,3,22.5896969342,C63H98N18O13S1,1,precursor,1353.7,1353.77,1,201.319499092,428.9
G5,I23,M1,3,318.147580474,C63H98N18O13S1,1,precursor,1351.69,1351.77,1,2417.88735043,2688.0
G1,I19,M1,3,283.69678627,C63H98N18O13S1,1,precursor,1350.69,1350.77,1,5836.78739583,6602.0
G4,I18,M1,3,4657.7437796,C63H98N18O13S1,1,precursor,1349.69,1349.77,1,9985.15578226,9268.0
G1,I20,M1,3,1863.02712994,C63H98N18O13S1,1,precursor,1350.69,1350.77,1,5836.78739583,6602.0
G1,I21,M1,3,67.1508402709,C63H98N18O13S1,1,precursor,1350.69,1350.77,1,5836.78739583,6602.0
G5,I22,M1,3,17.6543177163,C63H98N18O13S1,1,precursor,1351.69,1351.77,1,2417.88735043,2688.0
G3,I30,M1,3,0.572764002623,C63H98N18O13S1,1,precursor,1353.7,1353.77,1,201.319499092,428.9
G5,I24,M1,3,444.079287747,C63H98N18O13S1,1,precursor,1351.69,1351.77,1,2417.88735043,2688.0
G2,I25,M1,3,13.3721780247,C63H98N18O13S1,1,precursor,1352.7,1352.77,1,778.846935119,1116.0
G2,I26,M1,3,83.3194868109,C63H98N18O13S1,1,precursor,1352.7,1352.77,1,778.846935119,1116.0
G2,I27,M1,3,121.155986913,C63H98N18O13S1,1,precursor,1352.7,1352.77,1,778.846935119,1116.0
G8,I33,M1,3,2.03530564301,C63H98N18O13S1,1,precursor,1354.7,1354.78,1,2.03530564301,0.0
G9,I32,M1,3,3.26312330104,C63H98N18O13S1,1,precursor,1354.7,1354.78,1,3.26312330104,0.0
G10,I31,M1,3,2.57548914014,C63H98N18O13S1,1,precursor,1354.7,1354.78,1,2.57548914014,0.0
G0,I17,M1,3,5993.92511124,C63H98N18O13S1,1,precursor,1348.68,1348.78,1,8553.90069756,8822.0
G5,I9,M0,3,45.7938139567,C63H98N18O13S1,0,precursor,1351.69,1351.77,1,2417.88735043,2688.0
G5,I8,M0,3,7.34957758499,C63H98N18O13S1,0,precursor,1351.69,1351.77,1,2417.88735043,2688.0
G4,I2,M0,3,155.924602369,C63H98N18O13S1,0,precursor,1349.69,1349.77,1,9985.15578226,9268.0
G0,I1,M0,3,2559.97558632,C63H98N18O13S1,0,precursor,1348.68,1348.78,1,8553.90069756,8822.0
G6,I0,M0,3,3294.36368274,C63H98N18O13S1,0,precursor,1347.68,1347.78,1,3294.36368274,3262.0
G4,I3,M0,3,1023.95155143,C63H98N18O13S1,0,precursor,1349.69,1349.77,1,9985.15578226,9268.0
G3,I16,M0,3,1.11863876661,C63H98N18O13S1,0,precursor,1353.7,1353.77,1,201.319499092,428.9
G1,I5,M0,3,9.70311474515,C63H98N18O13S1,0,precursor,1350.69,1350.77,1,5836.78739583,6602.0
G5,I10,M0,3,66.5894010727,C63H98N18O13S1,0,precursor,1351.69,1351.77,1,2417.88735043,2688.0
G1,I7,M0,3,244.073566263,C63H98N18O13S1,0,precursor,1350.69,1350.77,1,5836.78739583,6602.0
G2,I12,M0,3,12.4156835134,C63H98N18O13S1,0,precursor,1352.7,1352.77,1,778.846935119,1116.0
G2,I11,M0,3,13.4269636904,C63H98N18O13S1,0,precursor,1352.7,1352.77,1,778.846935119,1116.0
G3,I15,M0,3,1.79346833598,C63H98N18O13S1,0,precursor,1353.7,1353.77,1,201.319499092,428.9
G2,I13,M0,3,0.314800884897,C63H98N18O13S1,0,precursor,1352.7,1352.77,1,778.846935119,1116.0
G3,I14,M0,3,1.41553284886,C63H98N18O13S1,0,precursor,1353.7,1353.77,1,201.319499092,428.9
G4,I4,M0,3,36.9072494815,C63H98N18O13S1,0,precursor,1349.69,1349.77,1,9985.15578226,9268.0
G1,I6,M0,3,174.859347658,C63H98N18O13S1,0,precursor,1350.69,1350.77,1,5836.78739583,6602.0
G2,I39,M2,3,12.1073156505,C63H98N18O13S1,2,precursor,1352.7,1352.77,1,778.846935119,1116.0
G5,I38,M2,3,46.0519875319,C63H98N18O13S1,2,precursor,1351.69,1351.77,1,2417.88735043,2688.0
G5,I37,M2,3,1277.66237643,C63H98N18O13S1,2,precursor,1351.69,1351.77,1,2417.88735043,2688.0
G5,I36,M2,3,194.559007921,C63H98N18O13S1,2,precursor,1351.69,1351.77,1,2417.88735043,2688.0
G1,I35,M2,3,3194.27661068,C63H98N18O13S1,2,precursor,1350.69,1350.77,1,5836.78739583,6602.0
G4,I34,M2,3,4110.62859938,C63H98N18O13S1,2,precursor,1349.69,1349.77,1,9985.15578226,9268.0
G7,I50,M2,3,1.39581083003,C63H98N18O13S1,2,precursor,1355.7,1355.78,1,1.39581083003,0.0
G11,I48,M2,3,1.76626819995,C63H98N18O13S1,2,precursor,1355.7,1355.78,1,1.76626819995,0.0
G12,I49,M2,3,2.23784710614,C63H98N18O13S1,2,precursor,1355.7,1355.78,1,2.23784710614,0.0
G13,I46,M2,3,15.4919944019,C63H98N18O13S1,2,precursor,1354.7,1354.78,1,15.4919944019,0.0
G14,I47,M2,3,0.392801052096,C63H98N18O13S1,2,precursor,1354.7,1354.78,1,0.392801052096,0.0
G3,I44,M2,3,83.0886698696,C63H98N18O13S1,2,precursor,1353.7,1353.77,1,201.319499092,428.9
G15,I45,M2,3,16.753845739,C63H98N18O13S1,2,precursor,1354.7,1354.78,1,16.753845739,0.0
G3,I42,M2,3,9.17062799488,C63H98N18O13S1,2,precursor,1353.7,1353.77,1,201.319499092,428.9
G3,I43,M2,3,57.140431189,C63H98N18O13S1,2,precursor,1353.7,1353.77,1,201.319499092,428.9
G2,I40,M2,3,218.185332457,C63H98N18O13S1,2,precursor,1352.7,1352.77,1,778.846935119,1116.0
G2,I41,M2,3,304.549187174,C63H98N18O13S1,2,precursor,1352.7,1352.77,1,778.846935119,1116.0
G252,I252,M25,4,0.0580368572443,C50H75N15O10,-1,c8,1049.55,1049.63,1,0.0580368572443,0.0
G253,I253,M25,4,1.47508238451,C50H75N15O10,-1,c8,1049.55,1049.63,1,1.47508238451,0.0
G240,I249,M25,4,0.537356047546,C50H75N15O10,-1,c8,1048.55,1048.63,1,358.598453736,200.6
G238,I248,M25,4,49.2775705015,C50H75N15O10,-1,c8,1047.54,1047.63,1,1088.30913101,877.0
G240,I250,M25,4,12.90218814,C50H75N15O10,-1,c8,1048.55,1048.63,1,358.598453736,200.6
G240,I251,M25,4,0.359046594373,C50H75N15O10,-1,c8,1048.55,1048.63,1,358.598453736,200.6
G250,I254,M25,4,0.987635594035,C50H75N15O10,-1,c8,1049.55,1049.63,1,0.987635594035,0.0
G251,I255,M25,4,0.241245494261,C50H75N15O10,-1,c8,1050.55,1050.63,1,0.241245494261,0.0
G239,I245,M25,4,15.5682255933,C50H75N15O10,-1,c8,1046.54,1046.63,1,1855.40419638,2029.0
G237,I244,M25,4,283.939014983,C50H75N15O10,-1,c8,1045.53,1045.63,1,283.939014983,230.0
G238,I247,M25,4,8.94693220357,C50H75N15O10,-1,c8,1047.54,1047.63,1,1088.30913101,877.0
G239,I246,M25,4,158.376638287,C50H75N15O10,-1,c8,1046.54,1046.63,1,1855.40419638,2029.0
G238,I258,M26,4,937.891104934,C50H75N15O10,0,c8,1047.54,1047.63,1,1088.30913101,877.0
G240,I259,M26,4,52.9828655347,C50H75N15O10,0,c8,1048.55,1048.63,1,358.598453736,200.6
G259,I263,M26,4,2.12623913958,C50H75N15O10,0,c8,1049.55,1049.63,1,2.12623913958,0.0
G260,I262,M26,4,76.4055079186,C50H75N15O10,0,c8,1049.55,1049.63,1,76.4055079186,0.0
G254,I261,M26,4,3.18217044274,C50H75N15O10,0,c8,1049.55,1049.63,1,3.18217044274,0.0
G240,I260,M26,4,291.816997419,C50H75N15O10,0,c8,1048.55,1048.63,1,358.598453736,200.6
G255,I267,M26,4,1.42863243986,C50H75N15O10,0,c8,1051.55,1051.63,1,1.42863243986,0.0
G256,I266,M26,4,5.8486822841,C50H75N15O10,0,c8,1050.55,1050.63,1,5.8486822841,0.0
G257,I265,M26,4,8.73529494277,C50H75N15O10,0,c8,1050.55,1050.63,1,8.73529494277,0.0
G258,I264,M26,4,0.343688644718,C50H75N15O10,0,c8,1050.55,1050.63,1,0.343688644718,0.0
G239,I256,M26,4,1681.4593325,C50H75N15O10,0,c8,1046.54,1046.63,1,1855.40419638,2029.0
G238,I257,M26,4,92.1935233724,C50H75N15O10,0,c8,1047.54,1047.63,1,1088.30913101,877.0
G240,I270,M27,4,-6.46519399191e-11,C50H75N15O10,1,c8,1048.55,1048.63,1,358.598453736,200.6
G242,I271,M27,4,-3.65228438703e-12,C50H75N15O10,1,c8,1049.55,1049.63,1,-3.65228438703e-12,0.0
G243,I272,M27,4,-2.01159120555e-11,C50H75N15O10,1,c8,1049.55,1049.63,1,-2.01159120555e-11,0.0
G244,I273,M27,4,-2.19357547154e-13,C50H75N15O10,1,c8,1050.55,1050.63,1,-2.19357547154e-13,0.0
G245,I274,M27,4,-5.26688469637e-12,C50H75N15O10,1,c8,1050.55,1050.63,1,-5.26688469637e-12,0.0
G246,I275,M27,4,-1.46568705453e-13,C50H75N15O10,1,c8,1050.55,1050.63,1,-1.46568705453e-13,0.0
G241,I276,M27,4,-2.369159649e-14,C50H75N15O10,1,c8,1051.55,1051.63,1,-2.369159649e-14,0.0
G247,I277,M27,4,-6.02152809472e-13,C50H75N15O10,1,c8,1051.55,1051.63,1,-6.02152809472e-13,0.0
G248,I278,M27,4,-4.03169039185e-13,C50H75N15O10,1,c8,1051.55,1051.63,1,-4.03169039185e-13,0.0
G249,I279,M27,4,-9.84803653455e-14,C50H75N15O10,1,c8,1052.55,1052.65,1,-9.84803653455e-14,0.0
G240,I269,M27,4,-6.35520488764e-12,C50H75N15O10,1,c8,1048.55,1048.63,1,358.598453736,200.6
G238,I268,M27,4,-1.15908560353e-10,C50H75N15O10,1,c8,1047.54,1047.63,1,1088.30913101,877.0
G276,I328,M32,5,38.1954673905,C52H78N16O11,1,c9,1107.57,1107.65,1,66.5302506549,103.4
G276,I329,M32,5,1.05212850155,C52H78N16O11,1,c9,1107.57,1107.65,1,66.5302506549,103.4
G274,I322,M32,5,739.098414344,C52H78N16O11,1,c9,1104.56,1104.65,1,2339.70307803,2363.0
G277,I323,M32,5,43.2259989849,C52H78N16O11,1,c9,1105.57,1105.65,1,1023.12252752,828.1
G278,I326,M32,5,139.214157846,C52H78N16O11,1,c9,1106.57,1106.65,1,300.383793181,761.8
G276,I327,M32,5,1.64981285355,C52H78N16O11,1,c9,1107.57,1107.65,1,66.5302506549,103.4
G277,I324,M32,5,428.916926562,C52H78N16O11,1,c9,1105.57,1105.65,1,1023.12252752,828.1
G278,I325,M32,5,25.879960402,C52H78N16O11,1,c9,1106.57,1106.65,1,300.383793181,761.8
G279,I334,M32,5,0.775569652267,C52H78N16O11,1,c9,1109.57,1109.66,1,0.775569652267,0.0
G280,I331,M32,5,4.60213034653,C52H78N16O11,1,c9,1108.57,1108.65,1,4.60213034653,0.0
G285,I330,M32,5,0.186887592056,C52H78N16O11,1,c9,1108.57,1108.65,1,0.186887592056,0.0
G281,I333,M32,5,0.319738633419,C52H78N16O11,1,c9,1109.57,1109.66,1,0.319738633419,0.0
G282,I332,M32,5,3.02162721742,C52H78N16O11,1,c9,1108.57,1108.65,1,3.02162721742,0.0
G284,I321,M31,5,2.48901015836,C52H78N16O11,0,c9,1108.57,1108.65,1,2.48901015836,0.0
G275,I309,M31,5,2371.96421489,C52H78N16O11,0,c9,1103.56,1103.65,1,2616.11430933,2631.0
G276,I319,M31,5,9.69720877677,C52H78N16O11,0,c9,1107.57,1107.65,1,66.5302506549,103.4
G276,I318,M31,5,14.7694654492,C52H78N16O11,0,c9,1107.57,1107.65,1,66.5302506549,103.4
G276,I317,M31,5,0.599772198074,C52H78N16O11,0,c9,1107.57,1107.65,1,66.5302506549,103.4
G278,I316,M31,5,3.37656137087,C52H78N16O11,0,c9,1106.57,1106.65,1,300.383793181,761.8
G278,I315,M31,5,122.579456352,C52H78N16O11,0,c9,1106.57,1106.65,1,300.383793181,761.8
G278,I314,M31,5,5.29469008991,C52H78N16O11,0,c9,1106.57,1106.65,1,300.383793181,761.8
G277,I313,M31,5,446.775414758,C52H78N16O11,0,c9,1105.57,1105.65,1,1023.12252752,828.1
G277,I312,M31,5,83.0557051199,C52H78N16O11,0,c9,1105.57,1105.65,1,1023.12252752,828.1
G274,I311,M31,5,1376.50897529,C52H78N16O11,0,c9,1104.56,1104.65,1,2339.70307803,2363.0
G274,I310,M31,5,138.723775827,C52H78N16O11,0,c9,1104.56,1104.65,1,2339.70307803,2363.0
G283,I320,M31,5,1.02612667254,C52H78N16O11,0,c9,1108.57,1108.65,1,1.02612667254,0.0
G276,I308,M30,5,0.401055260171,C52H78N16O11,-1,c9,1107.57,1107.65,1,66.5302506549,103.4
G278,I304,M30,5,0.0966415481005,C52H78N16O11,-1,c9,1106.57,1106.65,1,300.383793181,761.8
G278,I305,M30,5,2.3798102183,C52H78N16O11,-1,c9,1106.57,1106.65,1,300.383793181,761.8
G278,I306,M30,5,1.56251535408,C52H78N16O11,-1,c9,1106.57,1106.65,1,300.383793181,761.8
G276,I307,M30,5,0.165340225005,C52H78N16O11,-1,c9,1107.57,1107.65,1,66.5302506549,103.4
G274,I300,M30,5,71.9891116563,C52H78N16O11,-1,c9,1104.56,1104.65,1,2339.70307803,2363.0
G277,I301,M30,5,0.85313565491,C52H78N16O11,-1,c9,1105.57,1105.65,1,1023.12252752,828.1
G277,I302,M30,5,19.751279678,C52H78N16O11,-1,c9,1105.57,1105.65,1,1023.12252752,828.1
G277,I303,M30,5,0.544066762655,C52H78N16O11,-1,c9,1105.57,1105.65,1,1023.12252752,828.1
G273,I296,M30,5,382.195597765,C52H78N16O11,-1,c9,1102.55,1102.65,1,382.195597765,375.3
G275,I297,M30,5,22.3526207071,C52H78N16O11,-1,c9,1103.56,1103.65,1,2616.11430933,2631.0
G275,I298,M30,5,221.79747373,C52H78N16O11,-1,c9,1103.56,1103.65,1,2616.11430933,2631.0
G274,I299,M30,5,13.3828009153,C52H78N16O11,-1,c9,1104.56,1104.65,1,2339.70307803,2363.0
G16,I599,M60,6,259.100582952,C41H58N9O9S1,0,z7,853.36,853.46,1,259.100582952,263.7
G20,I607,M60,6,6.01530835016,C41H58N9O9S1,0,z7,856.37,856.45,1,6.01530835016,0.0
G21,I606,M60,6,6.61688413882,C41H58N9O9S1,0,z7,856.37,856.45,1,6.61688413882,0.0
G17,I601,M60,6,120.533537609,C41H58N9O9S1,0,z7,854.36,854.45,1,129.070819894,106.5
G17,I600,M60,6,8.52380852341,C41H58N9O9S1,0,z7,854.36,854.45,1,129.070819894,106.5
G18,I603,M60,6,34.8793673472,C41H58N9O9S1,0,z7,855.37,855.45,1,47.852799013,91.61
G18,I602,M60,6,11.7908972227,C41H58N9O9S1,0,z7,855.37,855.45,1,47.852799013,91.61
G33,I612,M60,6,0.0962571613965,C41H58N9O9S1,0,z7,858.37,858.45,1,0.0962571613965,0.0
G18,I604,M60,6,1.17582319643,C41H58N9O9S1,0,z7,855.37,855.45,1,47.852799013,91.61
G34,I610,M60,6,0.906637352766,C41H58N9O9S1,0,z7,857.37,857.45,1,0.906637352766,0.0
G35,I611,M60,6,0.293570701719,C41H58N9O9S1,0,z7,858.37,858.45,1,0.293570701719,0.0
G22,I609,M60,6,1.56905560217,C41H58N9O9S1,0,z7,857.37,857.45,1,1.56905560217,0.0
G23,I608,M60,6,0.200617905055,C41H58N9O9S1,0,z7,857.37,857.45,1,0.200617905055,0.0
G19,I605,M60,6,0.381573336923,C41H58N9O9S1,0,z7,856.37,856.45,1,0.381573336923,0.0
G24,I623,M61,6,8.15941088106e-05,C41H58N9O9S1,1,z7,858.37,858.45,1,8.15941088106e-05,0.0
G25,I622,M61,6,1.04325424489e-05,C41H58N9O9S1,1,z7,858.37,858.45,1,1.04325424489e-05,0.0
G26,I621,M61,6,0.000312808369169,C41H58N9O9S1,1,z7,857.37,857.45,1,0.000312808369169,0.0
G27,I620,M61,6,0.000344091543768,C41H58N9O9S1,1,z7,857.37,857.45,1,0.000344091543768,0.0
G28,I626,M61,6,5.00556977707e-06,C41H58N9O9S1,1,z7,859.37,859.46,1,5.00556977707e-06,0.0
G29,I625,M61,6,1.5266278484e-05,C41H58N9O9S1,1,z7,859.37,859.46,1,1.5266278484e-05,0.0
G30,I624,M61,6,4.71470014898e-05,C41H58N9O9S1,1,z7,858.37,858.45,1,4.71470014898e-05,0.0
G31,I616,M61,6,0.000613150833935,C41H58N9O9S1,1,z7,856.37,856.45,1,0.000613150833935,0.0
G32,I617,M61,6,0.00181379862551,C41H58N9O9S1,1,z7,856.37,856.45,1,0.00181379862551,0.0
G18,I614,M61,6,0.000443255522096,C41H58N9O9S1,1,z7,855.37,855.45,1,47.852799013,91.61
G18,I615,M61,6,0.00626799112113,C41H58N9O9S1,1,z7,855.37,855.45,1,47.852799013,91.61
G17,I613,M61,6,0.0134737616239,C41H58N9O9S1,1,z7,854.36,854.45,1,129.070819894,106.5
G36,I618,M61,6,6.11452173513e-05,C41H58N9O9S1,1,z7,856.37,856.45,1,6.11452173513e-05,0.0
G37,I619,M61,6,1.98425959723e-05,C41H58N9O9S1,1,z7,857.37,857.45,1,1.98425959723e-05,0.0
G60,I199,M20,7,132.052410153,C41H66N14O9,-1,c7,898.46,898.56,1,132.052410153,127.5
G58,I205,M20,7,3.64502833689,C41H66N14O9,-1,c7,901.48,901.56,1,358.472272911,143.18
G58,I204,M20,7,0.19685910117,C41H66N14O9,-1,c7,901.48,901.56,1,358.472272911,143.18
G67,I207,M20,7,0.38770945777,C41H66N14O9,-1,c7,902.48,902.56,1,0.38770945777,0.0
G58,I206,M20,7,0.0983631681377,C41H66N14O9,-1,c7,901.48,901.56,1,358.472272911,143.18
G57,I201,M20,7,60.5076256347,C41H66N14O9,-1,c7,899.47,899.56,1,2501.39534397,2498.0
G57,I200,M20,7,6.75767270215,C41H66N14O9,-1,c7,899.47,899.56,1,2501.39534397,2498.0
G59,I203,M20,7,16.0280904536,C41H66N14O9,-1,c7,900.47,900.56,1,1259.13961717,1350.0
G59,I202,M20,7,3.205372818,C41H66N14O9,-1,c7,900.47,900.56,1,1259.13961717,1350.0
G61,I209,M20,7,0.0337920162402,C41H66N14O9,-1,c7,903.48,903.56,1,10.6673956994,76.22
G68,I208,M20,7,0.189165901615,C41H66N14O9,-1,c7,902.48,902.56,1,0.189165901615,0.0
G61,I218,M21,7,7.14667183314,C41H66N14O9,0,c7,903.48,903.56,1,10.6673956994,76.22
G61,I219,M21,7,3.48690648054,C41H66N14O9,0,c7,903.48,903.56,1,10.6673956994,76.22
G59,I212,M21,7,1115.34071493,C41H66N14O9,0,c7,900.47,900.56,1,1259.13961717,1350.0
G58,I213,M21,7,59.0848305968,C41H66N14O9,0,c7,901.48,901.56,1,358.472272911,143.18
G57,I210,M21,7,2434.13004564,C41H66N14O9,0,c7,899.47,899.56,1,2501.39534397,2498.0
G59,I211,M21,7,124.564588741,C41H66N14O9,0,c7,900.47,900.56,1,1259.13961717,1350.0
G62,I216,M21,7,67.1890273095,C41H66N14O9,0,c7,902.48,902.56,1,67.1890273095,0.0
G63,I217,M21,7,1.81313421445,C41H66N14O9,0,c7,902.48,902.56,1,1.81313421445,0.0
G58,I214,M21,7,295.446758618,C41H66N14O9,0,c7,901.48,901.56,1,358.472272911,143.18
G66,I215,M21,7,3.62871569221,C41H66N14O9,0,c7,902.48,902.56,1,3.62871569221,0.0
G72,I220,M21,7,0.622890274687,C41H66N14O9,0,c7,904.48,904.57,1,0.622890274687,0.0
G69,I229,M22,7,2.49628358977e-06,C41H66N14O9,1,c7,904.48,904.57,1,2.49628358977e-06,0.0
G61,I228,M22,7,6.33315379696e-07,C41H66N14O9,1,c7,903.48,903.56,1,10.6673956994,76.22
G61,I227,M22,7,2.34686676821e-05,C41H66N14O9,1,c7,903.48,903.56,1,10.6673956994,76.22
G61,I226,M22,7,1.26748557173e-06,C41H66N14O9,1,c7,903.48,903.56,1,10.6673956994,76.22
G70,I225,M22,7,0.000103197531999,C41H66N14O9,1,c7,902.48,902.56,1,0.000103197531999,0.0
G71,I224,M22,7,2.06379272011e-05,C41H66N14O9,1,c7,902.48,902.56,1,2.06379272011e-05,0.0
G64,I230,M22,7,1.21795258404e-06,C41H66N14O9,1,c7,904.48,904.57,1,1.21795258404e-06,0.0
G65,I231,M22,7,2.17571312525e-07,C41H66N14O9,1,c7,905.48,905.58,1,2.17571312525e-07,0.0
G59,I221,M22,7,0.000850224976066,C41H66N14O9,1,c7,900.47,900.56,1,1259.13961717,1350.0
G58,I222,M22,7,4.35095588547e-05,C41H66N14O9,1,c7,901.48,901.56,1,358.472272911,143.18
G58,I223,M22,7,0.000389580883057,C41H66N14O9,1,c7,901.48,901.56,1,358.472272911,143.18
G159,I560,M56,8,-7.69738700958e-12,C36H50N7O7S1,1,z6,729.31,729.39,1,-7.69738700958e-12,0.0
G160,I561,M56,8,-6.07090333314e-12,C36H50N7O7S1,1,z6,729.31,729.39,1,-6.07090333314e-12,0.0
G161,I562,M56,8,-4.35577039326e-14,C36H50N7O7S1,1,z6,730.31,730.39,1,-4.35577039326e-14,0.0
G169,I563,M56,8,-1.76588356695e-12,C36H50N7O7S1,1,z6,730.31,730.39,1,-1.76588356695e-12,0.0
G162,I564,M56,8,-8.08265367477e-13,C36H50N7O7S1,1,z6,730.31,730.39,1,-8.08265367477e-13,0.0
G163,I565,M56,8,-9.51627856428e-14,C36H50N7O7S1,1,z6,731.31,731.4,1,-9.51627856428e-14,0.0
G164,I566,M56,8,-2.06088039579e-13,C36H50N7O7S1,1,z6,731.31,731.4,1,-2.06088039579e-13,0.0
G172,I558,M56,8,-2.94338215118e-11,C36H50N7O7S1,1,z6,728.31,728.39,1,-2.94338215118e-11,0.0
G158,I553,M56,8,-3.76150867869e-10,C36H50N7O7S1,1,z6,726.31,726.4,1,271.099742953,186.2
G156,I555,M56,8,-2.17646959477e-12,C36H50N7O7S1,1,z6,727.31,727.39,1,94.3210870012,88.27
G156,I554,M56,8,-1.6128692044e-10,C36H50N7O7S1,1,z6,727.31,727.39,1,94.3210870012,88.27
G176,I557,M56,8,-2.73328576074e-11,C36H50N7O7S1,1,z6,728.31,728.39,1,-2.73328576074e-11,0.0
G177,I556,M56,8,-1.05542392392e-13,C36H50N7O7S1,1,z6,728.31,728.39,1,-1.05542392392e-13,0.0
G171,I559,M56,8,-4.30851122426e-13,C36H50N7O7S1,1,z6,729.31,729.39,1,-4.30851122426e-13,0.0
G168,I545,M55,8,0.714555280642,C36H50N7O7S1,0,z6,728.31,728.39,1,0.714555280642,0.0
G170,I548,M55,8,0.0722393089805,C36H50N7O7S1,0,z6,729.31,729.39,1,0.0722393089805,0.0
G165,I549,M55,8,2.92867155749,C36H50N7O7S1,0,z6,729.31,729.39,1,2.92867155749,0.0
G166,I546,M55,8,12.7659143694,C36H50N7O7S1,0,z6,728.31,728.39,1,12.7659143694,0.0
G167,I547,M55,8,10.0684338723,C36H50N7O7S1,0,z6,728.31,728.39,1,10.0684338723,0.0
G156,I544,M55,8,48.8152206088,C36H50N7O7S1,0,z6,727.31,727.39,1,94.3210870012,88.27
G175,I552,M55,8,0.341791605715,C36H50N7O7S1,0,z6,730.31,730.39,1,0.341791605715,0.0
G156,I542,M55,8,0.17503928826,C36H50N7O7S1,0,z6,727.31,727.39,1,94.3210870012,88.27
G156,I543,M55,8,45.3308271044,C36H50N7O7S1,0,z6,727.31,727.39,1,94.3210870012,88.27
G158,I540,M55,8,267.490125243,C36H50N7O7S1,0,z6,726.31,726.4,1,271.099742953,186.2
G158,I541,M55,8,3.6096177105,C36H50N7O7S1,0,z6,726.31,726.4,1,271.099742953,186.2
G173,I551,M55,8,0.157824982836,C36H50N7O7S1,0,z6,730.31,730.39,1,0.157824982836,0.0
G157,I539,M55,8,623.836343842,C36H50N7O7S1,0,z6,725.3,725.4,1,623.836343842,664.5
G174,I550,M55,8,1.34048690239,C36H50N7O7S1,0,z6,729.31,729.39,1,1.34048690239,0.0
G104,I515,M53,9,4.11686637825e-11,C31H42N5O5S1,1,z5,599.25,599.33,1,4.11686637825e-11,0.0
G105,I514,M53,9,3.1016373098e-09,C31H42N5O5S1,1,z5,599.25,599.33,1,3.1016373098e-09,0.0
G89,I517,M53,9,5.42498903889e-10,C31H42N5O5S1,1,z5,600.33,600.34,1,7.68948245256,369.2
G106,I516,M53,9,1.13172919744e-12,C31H42N5O5S1,1,z5,600.25,600.33,1,1.13172919744e-12,0.0
G92,I513,M53,9,8.47026404597e-09,C31H42N5O5S1,1,z5,598.25,598.34,1,107.406943132,48.47
G90,I519,M53,9,6.9300133903e-12,C31H42N5O5S1,1,z5,601.24,601.25,1,6.9300133903e-12,36.45
G89,I518,M53,9,4.87830701992e-10,C31H42N5O5S1,1,z5,600.33,600.34,1,7.68948245256,369.2
G93,I524,M53,9,1.31805394259e-12,C31H42N5O5S1,1,z5,603.25,603.34,1,1.31805394259e-12,0.0
G96,I525,M53,9,2.21071503161e-12,C31H42N5O5S1,1,z5,603.25,603.34,1,2.21071503161e-12,0.0
G97,I520,M53,9,1.40186984879e-10,C31H42N5O5S1,1,z5,601.25,601.33,1,1.40186984879e-10,0.0
G101,I521,M53,9,8.4812914379e-11,C31H42N5O5S1,1,z5,601.25,601.33,1,8.4812914379e-11,0.0
G98,I522,M53,9,2.81925785274e-11,C31H42N5O5S1,1,z5,602.25,602.34,1,2.81925785274e-11,0.0
G99,I523,M53,9,9.48908982642e-12,C31H42N5O5S1,1,z5,602.25,602.34,1,9.48908982642e-12,0.0
G107,I511,M52,9,0.0450451431098,C31H42N5O5S1,0,z5,602.25,602.34,1,0.0450451431098,0.0
G108,I510,M52,9,0.32429432165,C31H42N5O5S1,0,z5,601.25,601.33,1,0.32429432165,0.0
G109,I512,M52,9,0.0755522757875,C31H42N5O5S1,0,z5,602.25,602.34,1,0.0755522757875,0.0
G89,I508,M52,9,2.89852315015,C31H42N5O5S1,0,z5,600.33,600.34,1,7.68948245256,369.2
G94,I509,M52,9,0.963495266283,C31H42N5O5S1,0,z5,601.25,601.33,1,0.963495266283,0.0
G92,I502,M52,9,1.40695937532,C31H42N5O5S1,0,z5,598.25,598.34,1,107.406943132,48.47
G95,I503,M52,9,0.0386774031115,C31H42N5O5S1,0,z5,599.25,599.33,1,0.0386774031115,0.0
G91,I500,M52,9,289.475448461,C31H42N5O5S1,0,z5,597.24,597.34,1,289.475448461,304.9
G92,I501,M52,9,105.999983748,C31H42N5O5S1,0,z5,598.25,598.34,1,107.406943132,48.47
G100,I506,M52,9,0.236836623162,C31H42N5O5S1,0,z5,600.25,600.33,1,0.236836623162,0.0
G89,I507,M52,9,4.79095930138,C31H42N5O5S1,0,z5,600.33,600.34,1,7.68948245256,369.2
G102,I504,M52,9,18.5401674187,C31H42N5O5S1,0,z5,599.25,599.33,1,18.5401674187,0.0
G103,I505,M52,9,16.6718546748,C31H42N5O5S1,0,z5,599.25,599.33,1,16.6718546748,0.0
G197,I74,M4,10,2.94874782854,C63H98N18O13S1,1,precursor,677.33,677.41,2,2.94874782854,0.0
G195,I76,M4,10,0.336191673202,C63H98N18O13S1,1,precursor,677.83,677.91,2,0.336191673202,0.0
G196,I75,M4,10,0.074765793181,C63H98N18O13S1,1,precursor,677.33,677.41,2,0.074765793181,0.0
G193,I77,M4,10,0.425952051338,C63H98N18O13S1,1,precursor,677.83,677.91,2,0.425952051338,0.0
G188,I65,M4,10,782.417475883,C63H98N18O13S1,1,precursor,674.81,674.91,2,1089.68072865,1203.0
G189,I66,M4,10,607.998942881,C63H98N18O13S1,1,precursor,675.32,675.41,2,754.044408472,536.4
G190,I67,M4,10,280.222771684,C63H98N18O13S1,1,precursor,675.82,675.91,2,340.435716649,510.3
G198,I73,M4,10,3.18892874349,C63H98N18O13S1,1,precursor,677.33,677.41,2,3.18892874349,0.0
G199,I72,M4,10,15.8151060798,C63H98N18O13S1,1,precursor,676.83,676.91,2,15.8151060798,0.0
G200,I71,M4,10,12.6216539138,C63H98N18O13S1,1,precursor,676.83,676.91,2,12.6216539138,0.0
G191,I70,M4,10,57.9679240168,C63H98N18O13S1,1,precursor,676.32,676.41,2,116.172881187,110.1
G190,I68,M4,10,8.76554010487,C63H98N18O13S1,1,precursor,675.82,675.91,2,340.435716649,510.3
G191,I69,M4,10,43.8339266345,C63H98N18O13S1,1,precursor,676.32,676.41,2,116.172881187,110.1
G201,I78,M4,10,0.265678778813,C63H98N18O13S1,1,precursor,677.83,677.91,2,0.265678778813,0.0
G194,I59,M3,10,1.61158276678,C63H98N18O13S1,0,precursor,676.83,676.91,2,1.61158276678,0.0
G202,I64,M3,10,0.134265571881,C63H98N18O13S1,0,precursor,677.33,677.41,2,0.134265571881,0.0
G191,I58,M3,10,7.99244964784,C63H98N18O13S1,0,precursor,676.32,676.41,2,116.172881187,110.1
G203,I60,M3,10,1.49020300116,C63H98N18O13S1,0,precursor,676.83,676.91,2,1.49020300116,0.0
G204,I61,M3,10,0.037784244656,C63H98N18O13S1,0,precursor,676.83,676.91,2,0.037784244656,0.0
G205,I62,M3,10,0.16990053728,C63H98N18O13S1,0,precursor,677.33,677.41,2,0.16990053728,0.0
G206,I63,M3,10,0.215262566406,C63H98N18O13S1,0,precursor,677.33,677.41,2,0.215262566406,0.0
G192,I51,M3,10,395.408810288,C63H98N18O13S1,0,precursor,674.31,674.41,2,395.408810288,368.7
G189,I53,M3,10,141.615641499,C63H98N18O13S1,0,precursor,675.32,675.41,2,754.044408472,536.4
G188,I52,M3,10,307.263252766,C63H98N18O13S1,0,precursor,674.81,674.91,2,1089.68072865,1203.0
G190,I55,M3,10,22.1522669355,C63H98N18O13S1,0,precursor,675.82,675.91,2,340.435716649,510.3
G189,I54,M3,10,4.42982409165,C63H98N18O13S1,0,precursor,675.32,675.41,2,754.044408472,536.4
G191,I57,M3,10,6.37858088779,C63H98N18O13S1,0,precursor,676.32,676.41,2,116.172881187,110.1
G190,I56,M3,10,29.2951379243,C63H98N18O13S1,0,precursor,675.82,675.91,2,340.435716649,510.3
G221,I780,M73,11,300.348981938,C63H96N17O13S1,0,z11,667.31,667.4,2,301.846158518,322.2
G228,I781,M73,11,2.29194708847,C63H96N17O13S1,0,z11,667.81,667.9,2,2.29194708847,0.0
G223,I782,M73,11,103.751081625,C63H96N17O13S1,0,z11,667.81,667.9,2,103.751081625,0.0
G224,I783,M73,11,0.16243146037,C63H96N17O13S1,0,z11,668.31,668.4,2,0.16243146037,0.0
G225,I784,M73,11,29.3926343009,C63H96N17O13S1,0,z11,668.31,668.4,2,29.3926343009,0.0
G226,I785,M73,11,6.38852984315,C63H96N17O13S1,0,z11,668.81,668.9,2,6.38852984315,0.0
G227,I786,M73,11,1.07125971407,C63H96N17O13S1,0,z11,669.31,669.41,2,1.07125971407,0.0
G222,I777,M73,11,823.926640708,C63H96N17O13S1,0,z11,666.31,666.41,2,823.926640708,1091.0
G221,I779,M73,11,1.49717658135,C63H96N17O13S1,0,z11,667.31,667.4,2,301.846158518,322.2
G220,I778,M73,11,637.052384747,C63H96N17O13S1,0,z11,666.81,666.91,2,637.052384745,307.9
G230,I793,M74,11,-2.96926184964e-13,C63H96N17O13S1,1,z11,668.81,668.9,2,-2.96926184964e-13,0.0
G231,I792,M74,11,-1.89657919613e-10,C63H96N17O13S1,1,z11,668.31,668.4,2,-1.89657919613e-10,0.0
G232,I791,M74,11,-4.18970009616e-12,C63H96N17O13S1,1,z11,668.31,668.4,2,-4.18970009616e-12,0.0
G233,I790,M74,11,-5.49040667141e-10,C63H96N17O13S1,1,z11,667.81,667.9,2,-5.49040667141e-10,0.0
G234,I796,M74,11,-1.95827248788e-12,C63H96N17O13S1,1,z11,669.81,669.91,2,-1.95827248788e-12,0.0
G235,I795,M74,11,-1.16782905822e-11,C63H96N17O13S1,1,z11,669.31,669.41,2,-1.16782905822e-11,0.0
G220,I787,M74,11,-1.50614538319e-09,C63H96N17O13S1,1,z11,666.81,666.91,2,637.052384745,307.9
G221,I788,M74,11,-1.16453754585e-09,C63H96N17O13S1,1,z11,667.31,667.4,2,301.846158518,322.2
G229,I789,M74,11,-2.73685239e-12,C63H96N17O13S1,1,z11,667.81,667.9,2,-2.73685239e-12,0.0
G236,I794,M74,11,-5.37300024842e-11,C63H96N17O13S1,1,z11,668.81,668.9,2,-5.37300024842e-11,0.0
G286,I447,M46,12,4.94356515192,C13H24N3O3S1,0,z3,304.11,304.2,1,73.2250569367,74.03
G292,I449,M46,12,12.1270866774,C13H24N3O3S1,0,z3,305.11,305.2,1,12.1270866774,0.0
G286,I448,M46,12,38.144951176,C13H24N3O3S1,0,z3,304.11,304.2,1,73.2250569367,74.03
G295,I454,M46,12,0.108725687265,C13H24N3O3S1,0,z3,307.11,307.2,1,0.108725687265,0.0
G287,I446,M46,12,261.809479824,C13H24N3O3S1,0,z3,303.1,303.2,1,261.809479824,263.0
G298,I450,M46,12,4.48338649232,C13H24N3O3S1,0,z3,305.11,305.2,1,4.48338649232,0.0
G299,I451,M46,12,1.79012280661,C13H24N3O3S1,0,z3,306.11,306.2,1,1.79012280661,0.0
G300,I452,M46,12,0.326107666288,C13H24N3O3S1,0,z3,306.11,306.2,1,0.326107666288,0.0
G301,I453,M46,12,0.0723031522287,C13H24N3O3S1,0,z3,307.11,307.2,1,0.0723031522287,0.0
G288,I461,M47,12,0.0375378192359,C13H24N3O3S1,1,z3,307.11,307.2,1,0.0375378192359,0.0
G289,I460,M47,12,0.20605865262,C13H24N3O3S1,1,z3,307.11,307.2,1,0.20605865262,0.0
G290,I463,M47,12,0.0125152690868,C13H24N3O3S1,1,z3,308.11,308.2,1,0.0125152690868,0.0
G291,I462,M47,12,0.00832271957738,C13H24N3O3S1,1,z3,308.11,308.2,1,0.00832271957738,0.0
G293,I458,M47,12,1.39593279955,C13H24N3O3S1,1,z3,306.11,306.2,1,1.39593279955,0.0
G294,I459,M47,12,0.516076649252,C13H24N3O3S1,1,z3,306.11,306.2,1,0.516076649252,0.0
G286,I455,M47,12,30.1365406087,C13H24N3O3S1,1,z3,304.11,304.2,1,73.2250569367,74.03
G296,I456,M47,12,0.569047202006,C13H24N3O3S1,1,z3,305.11,305.2,1,0.569047202006,0.0
G297,I457,M47,12,4.39081453775,C13H24N3O3S1,1,z3,305.11,305.2,1,4.39081453775,0.0
G181,I379,M37,13,166.911579257,C58H89N17O12,1,c10,1219.65,1219.73,1,300.854637401,700.4
G181,I378,M37,13,1.15981747875,C58H89N17O12,1,c10,1219.65,1219.73,1,300.854637401,700.4
G185,I384,M37,13,7.48539882817,C58H89N17O12,1,c10,1221.65,1221.74,1,7.48539882817,0.0
G186,I385,M37,13,1.51198811975,C58H89N17O12,1,c10,1222.65,1222.75,1,1.51198811975,0.0
G181,I380,M37,13,6.00845604928,C58H89N17O12,1,c10,1219.65,1219.73,1,300.854637401,700.4
G180,I381,M37,13,9.88325496089,C58H89N17O12,1,c10,1220.65,1220.74,1,16.3915781605,285.3
G178,I381,M37,13,4.51079890531e-06,C58H89N17O12,1,c10,1220.65,1220.74,1,57.5489401786,152.1
G178,I382,M37,13,37.537407729,C58H89N17O12,1,c10,1220.65,1220.74,1,57.5489401786,152.1
G187,I383,M37,13,2.4344684298,C58H89N17O12,1,c10,1221.65,1221.74,1,2.4344684298,0.0
G179,I375,M37,13,638.271083722,C58H89N17O12,1,c10,1217.64,1217.73,1,1849.02440989,1731.0
G183,I377,M37,13,413.2254135,C58H89N17O12,1,c10,1218.65,1218.73,1,918.274067906,922.7
G183,I376,M37,13,39.6622069866,C58H89N17O12,1,c10,1218.65,1218.73,1,918.274067906,922.7
G180,I372,M36,13,6.50832319966,C58H89N17O12,0,c10,1220.65,1220.74,1,16.3915781605,285.3
G178,I372,M36,13,3.8455124719e-06,C58H89N17O12,0,c10,1220.65,1220.74,1,57.5489401786,152.1
G181,I370,M36,13,26.4219835947,C58H89N17O12,0,c10,1219.65,1219.73,1,300.854637401,700.4
G184,I374,M36,13,4.04216092977,C58H89N17O12,0,c10,1221.65,1221.74,1,4.04216092977,0.0
G181,I371,M36,13,100.352801021,C58H89N17O12,0,c10,1219.65,1219.73,1,300.854637401,700.4
G183,I368,M36,13,446.222728597,C58H89N17O12,0,c10,1218.65,1218.73,1,918.274067906,922.7
G183,I369,M36,13,16.0630536533,C58H89N17O12,0,c10,1218.65,1218.73,1,918.274067906,922.7
G179,I366,M36,13,1104.7200701,C58H89N17O12,0,c10,1217.64,1217.73,1,1849.02440989,1731.0
G183,I367,M36,13,3.10066516863,C58H89N17O12,0,c10,1218.65,1218.73,1,918.274067906,922.7
G178,I373,M36,13,20.0115240933,C58H89N17O12,0,c10,1220.65,1220.74,1,57.5489401786,152.1
G179,I365,M36,13,106.033256066,C58H89N17O12,0,c10,1217.64,1217.73,1,1849.02440989,1731.0
G182,I364,M36,13,1706.35893466,C58H89N17O12,0,c10,1216.64,1216.74,1,1706.35893466,1767.0
G309,I184,M17,14,0.0700296850198,C32H57N13O8,1,c6,757.41,757.5,1,0.0700296850198,0.0
G310,I182,M17,14,0.323011781968,C32H57N13O8,1,c6,756.41,756.49,1,0.323011781968,0.0
G303,I179,M17,14,4.5312423243,C32H57N13O8,1,c6,755.41,755.49,1,29.9289443633,51.37
G311,I180,M17,14,0.0172192728749,C32H57N13O8,1,c6,756.41,756.49,1,0.0172192728749,0.0
G303,I178,M17,14,0.0493413356977,C32H57N13O8,1,c6,755.41,755.49,1,29.9289443633,51.37
G302,I177,M17,14,16.9794106494,C32H57N13O8,1,c6,754.4,754.49,1,167.75098637,96.68
G302,I176,M17,14,2.24976349617,C32H57N13O8,1,c6,754.4,754.49,1,167.75098637,96.68
G305,I175,M17,14,47.344630097,C32H57N13O8,1,c6,753.4,753.49,1,670.835434689,697.8
G312,I181,M17,14,0.441541569032,C32H57N13O8,1,c6,756.41,756.49,1,0.441541569032,0.0
G308,I183,M17,14,0.0273899929196,C32H57N13O8,1,c6,757.41,757.5,1,0.0273899929196,0.0
G305,I167,M16,14,550.543997738,C32H57N13O8,0,c6,753.4,753.49,1,670.835434689,697.8
G302,I168,M16,14,1.59985389185,C32H57N13O8,0,c6,754.4,754.49,1,167.75098637,96.68
G302,I169,M16,14,146.921958333,C32H57N13O8,0,c6,754.4,754.49,1,167.75098637,96.68
G304,I165,M16,14,1535.11228766,C32H57N13O8,0,c6,752.4,752.5,1,1535.11228766,1536.0
G305,I166,M16,14,72.9468068548,C32H57N13O8,0,c6,753.4,753.49,1,670.835434689,697.8
G306,I174,M16,14,2.27065730061,C32H57N13O8,0,c6,756.41,756.49,1,2.27065730061,0.0
G307,I173,M16,14,0.888098916467,C32H57N13O8,0,c6,756.41,756.49,1,0.888098916467,0.0
G303,I172,M16,14,10.4734022537,C32H57N13O8,0,c6,755.41,755.49,1,29.9289443633,51.37
G303,I171,M16,14,14.3166371085,C32H57N13O8,0,c6,755.41,755.49,1,29.9289443633,51.37
G303,I170,M16,14,0.558321341208,C32H57N13O8,0,c6,755.41,755.49,1,29.9289443633,51.37
G40,I429,M43,15,0.153125145782,C11H21N2O2S1,0,z2,250.09,250.18,1,0.153125145782,0.0
G41,I428,M43,15,0.369909100047,C11H21N2O2S1,0,z2,249.09,249.18,1,0.369909100047,0.0
G38,I423,M43,15,7.96243759017,C11H21N2O2S1,0,z2,247.09,247.18,1,175.815742495,177.9
G39,I422,M43,15,522.915643838,C11H21N2O2S1,0,z2,246.08,246.18,1,522.915643838,525.1
G44,I425,M43,15,23.867225312,C11H21N2O2S1,0,z2,248.09,248.18,1,23.867225312,0.0
G38,I424,M43,15,64.4006424945,C11H21N2O2S1,0,z2,247.09,247.18,1,175.815742495,177.9
G48,I427,M43,15,2.97929576954,C11H21N2O2S1,0,z2,249.09,249.18,1,2.97929576954,0.0
G45,I426,M43,15,6.22028630338,C11H21N2O2S1,0,z2,248.09,248.18,1,6.22028630338,0.0
G43,I436,M44,15,0.0731821311919,C11H21N2O2S1,1,z2,250.09,250.18,1,0.0731821311919,0.0
G50,I437,M44,15,0.0302939952166,C11H21N2O2S1,1,z2,251.08,251.18,1,0.0302939952166,0.0
G51,I434,M44,15,1.23060992078,C11H21N2O2S1,1,z2,249.09,249.18,1,1.23060992078,0.0
G42,I435,M44,15,0.589418356667,C11H21N2O2S1,1,z2,250.09,250.18,1,0.589418356667,0.0
G46,I432,M44,15,12.7409038255,C11H21N2O2S1,1,z2,248.09,248.18,1,12.7409038255,0.0
G47,I433,M44,15,4.72184764783,C11H21N2O2S1,1,z2,249.09,249.18,1,4.72184764783,0.0
G38,I430,M44,15,103.45266241,C11H21N2O2S1,1,z2,247.09,247.18,1,175.815742495,177.9
G49,I431,M44,15,1.57527390447,C11H21N2O2S1,1,z2,248.09,248.18,1,1.57527390447,0.0
G261,I148,M14,16,-4.78677771378e-11,C27H49N11O6,1,c5,626.35,626.43,1,68.0452651976,147.8
G269,I149,M14,16,-1.16317892431e-13,C27H49N11O6,1,c5,627.35,627.43,1,-1.16317892431e-13,0.0
G263,I146,M14,16,-1.58284454426e-10,C27H49N11O6,1,c5,625.34,625.43,1,336.75537464,238.9
G261,I147,M14,16,-6.3643453015e-12,C27H49N11O6,1,c5,626.35,626.43,1,68.0452651976,147.8
G264,I154,M14,16,-1.20823185168e-13,C27H49N11O6,1,c5,629.35,629.45,1,-1.20823185168e-13,0.0
G265,I151,M14,16,-2.64285032433e-13,C27H49N11O6,1,c5,627.35,627.43,1,-2.64285032433e-13,0.0
G266,I150,M14,16,-1.05776161015e-11,C27H49N11O6,1,c5,627.35,627.43,1,-1.05776161015e-11,0.0
G267,I153,M14,16,-6.37986652011e-13,C27H49N11O6,1,c5,628.35,628.44,1,-6.37986652011e-13,0.0
G268,I152,M14,16,-9.19272046681e-13,C27H49N11O6,1,c5,628.35,628.44,1,-9.19272046681e-13,0.0
G261,I142,M13,16,1.64108283257,C27H49N11O6,0,c5,626.35,626.43,1,68.0452651976,147.8
G270,I143,M13,16,5.70823690006,C27H49N11O6,0,c5,627.35,627.43,1,5.70823690006,0.0
G261,I140,M13,16,0.722278120074,C27H49N11O6,0,c5,626.35,626.43,1,68.0452651976,147.8
G261,I141,M13,16,65.681904245,C27H49N11O6,0,c5,626.35,626.43,1,68.0452651976,147.8
G271,I144,M13,16,3.96159000146,C27H49N11O6,0,c5,627.35,627.43,1,3.96159000146,0.0
G272,I145,M13,16,0.750253819256,C27H49N11O6,0,c5,628.35,628.44,1,0.750253819256,0.0
G262,I137,M13,16,982.870268622,C27H49N11O6,0,c5,624.34,624.44,1,982.870268622,1014.0
G263,I139,M13,16,297.235853922,C27H49N11O6,0,c5,625.34,625.43,1,336.75537464,238.9
G263,I138,M13,16,39.5195207179,C27H49N11O6,0,c5,625.34,625.43,1,336.75537464,238.9
G208,I121,M11,17,62.7462178847,C22H41N9O4,1,c4,497.28,497.38,1,215.310374378,220.5
G212,I122,M11,17,17.5121967575,C22H41N9O4,1,c4,498.29,498.37,1,17.5121967575,0.0
G213,I123,M11,17,0.0301811389971,C22H41N9O4,1,c4,499.29,499.37,1,0.0301811389971,0.0
G214,I124,M11,17,2.7352608138,C22H41N9O4,1,c4,499.29,499.37,1,2.7352608138,0.0
G215,I125,M11,17,0.0944268034512,C22H41N9O4,1,c4,499.29,499.37,1,0.0944268034512,0.0
G216,I126,M11,17,0.0736909763356,C22H41N9O4,1,c4,500.29,500.38,1,0.0736909763356,0.0
G217,I127,M11,17,0.249165633071,C22H41N9O4,1,c4,500.29,500.38,1,0.249165633071,0.0
G211,I120,M10,17,2.17070109267,C22H41N9O4,0,c4,499.29,499.37,1,2.17070109267,0.0
G210,I119,M10,17,0.6419869421,C22H41N9O4,0,c4,499.29,499.37,1,0.6419869421,0.0
G209,I118,M10,17,0.822634979401,C22H41N9O4,0,c4,498.29,498.37,1,0.822634979401,0.0
G208,I115,M10,17,152.564156493,C22H41N9O4,0,c4,497.28,497.38,1,215.310374378,220.5
G207,I114,M10,17,546.637519968,C22H41N9O4,0,c4,496.28,496.38,1,546.637519968,547.8
G218,I117,M10,17,23.8292639481,C22H41N9O4,0,c4,498.29,498.37,1,23.8292639481,0.0
G219,I116,M10,17,0.262934460871,C22H41N9O4,0,c4,498.29,498.37,1,0.262934460871,0.0
G56,I106,M8,18,-4.21470994251e-242,C11H22N6O2,1,c2,275.14,275.24,1,-4.21470994251e-242,0.0
G53,I104,M8,18,-5.76087706011e-241,C11H22N6O2,1,c2,274.14,274.23,1,6.676130553,65.08
G53,I105,M8,18,-5.84888690797e-241,C11H22N6O2,1,c2,274.14,274.23,1,6.676130553,65.08
G52,I102,M8,18,-1.2186592904e-239,C11H22N6O2,1,c2,273.14,273.23,1,183.899487745,97.13
G52,I103,M8,18,-2.17484355041e-241,C11H22N6O2,1,c2,273.14,273.23,1,183.899487745,97.13
G54,I101,M8,18,-8.54249647436e-239,C11H22N6O2,1,c2,272.14,272.23,1,1964.81466816,1032.0
G55,I95,M7,18,13531.3752285,C11H22N6O2,0,c2,271.13,271.23,1,13531.3752285,13700.0
G54,I97,M7,18,34.4496766627,C11H22N6O2,0,c2,272.14,272.23,1,1964.81466816,1032.0
G54,I96,M7,18,1930.36499149,C11H22N6O2,0,c2,272.14,272.23,1,1964.81466816,1032.0
G52,I99,M7,18,92.6467849996,C11H22N6O2,0,c2,273.14,273.23,1,183.899487745,97.13
G52,I98,M7,18,91.2527027455,C11H22N6O2,0,c2,273.14,273.23,1,183.899487745,97.13
G53,I100,M7,18,6.676130553,C11H22N6O2,0,c2,274.14,274.23,1,6.676130553,65.08
G315,I407,M40,19,0.42616913956,C5H10N1O1S1,0,z1,135.01,135.09,1,0.42616913956,0.0
G316,I406,M40,19,7.66769459419,C5H10N1O1S1,0,z1,135.01,135.09,1,7.66769459419,0.0
G317,I405,M40,19,11.5856470412,C5H10N1O1S1,0,z1,134.0,134.1,1,11.5856470412,0.0
G313,I404,M40,19,171.285449513,C5H10N1O1S1,0,z1,133.0,133.1,1,171.285449513,172.7
G318,I409,M40,19,0.418108251909,C5H10N1O1S1,0,z1,136.0,136.1,1,0.418108251909,0.0
G314,I408,M40,19,0.203717495372,C5H10N1O1S1,0,z1,,,1,0.203717495372,87.45
